Workbook

Sheet alzheimers_disease_RawData
A1: PatientID | B1: Age | C1: Gender | D1: Ethnicity | E1: EducationLevel | F1: BMI | G1: Smoking | H1: AlcoholConsumption | I1: PhysicalActivity | J1: DietQuality | K1: SleepQuality | L1: FamilyHistoryAlzheimers | M1: CardiovascularDisease | N1: Diabetes | O1: Depression | P1: HeadInjury | Q1: Hypertension | R1: SystolicBP | S1: DiastolicBP | T1: CholesterolTotal | U1: CholesterolLDL | V1: CholesterolHDL | W1: CholesterolTriglycerides | X1: MMSE | Y1: FunctionalAssessment | Z1: MemoryComplaints | AA1: BehavioralProblems | AB1: ADL | AC1: Confusion | AD1: Disorientation | AE1: PersonalityChanges | AF1: DifficultyCompletingTasks | AG1: Forgetfulness | AH1: Diagnosis
A2: 4751 | B2: 73 | C2: 0 | D2: 0 | E2: 2 | F2: 22.927749 | G2: 0 | H2: 13.297218 | I2: 6.3271125 | J2: 1.3472143 | K2: 9.0256787 | L2: 0 | M2: 0 | N2: 1 | O2: 1 | P2: 0 | Q2: 0 | R2: 142 | S2: 72 | T2: 242.36684 | U2: 56.150897 | V2: 33.682563 | W2: 162.18914 | X2: 21.463532 | Y2: 6.518877 | Z2: 0 | AA2: 0 | AB2: 1.7258835 | AC2: 0 | AD2: 0 | AE2: 0 | AF2: 1 | AG2: 0 | AH2: 0
A3: 4752 | B3: 89 | C3: 0 | D3: 0 | E3: 0 | F3: 26.827681 | G3: 0 | H3: 4.5425238 | I3: 7.6198845 | J3: 0.51876714 | K3: 7.1512927 | L3: 0 | M3: 0 | N3: 0 | O3: 0 | P3: 0 | Q3: 0 | R3: 115 | S3: 64 | T3: 231.1626 | U3: 193.408 | V3: 79.028477 | W3: 294.63091 | X3: 20.613267 | Y3: 7.1186955 | Z3: 0 | AA3: 0 | AB3: 2.5924241 | AC3: 0 | AD3: 0 | AE3: 0 | AF3: 0 | AG3: 1 | AH3: 0
A4: 4753 | B4: 73 | C4: 0 | D4: 3 | E4: 1 | F4: 17.795882 | G4: 0 | H4: 19.555085 | I4: 7.8449878 | J4: 1.8263347 | K4: 9.6735742 | L4: 1 | M4: 0 | N4: 0 | O4: 0 | P4: 0 | Q4: 0 | R4: 99 | S4: 116 | T4: 284.18186 | U4: 153.32276 | V4: 69.772292 | W4: 83.638324 | X4: 7.3562486 | Y4: 5.8950773 | Z4: 0 | AA4: 0 | AB4: 7.1195477 | AC4: 0 | AD4: 1 | AE4: 0 | AF4: 1 | AG4: 0 | AH4: 0
A5: 4754 | B5: 74 | C5: 1 | D5: 0 | E5: 1 | F5: 33.800817 | G5: 1 | H5: 12.209266 | I5: 8.4280014 | J5: 7.4356041 | K5: 8.3925537 | L5: 0 | M5: 0 | N5: 0 | O5: 0 | P5: 0 | Q5: 0 | R5: 118 | S5: 115 | T5: 159.58224 | U5: 65.366637 | V5: 68.457491 | W5: 277.57736 | X5: 13.991127 | Y5: 8.9651063 | Z5: 0 | AA5: 1 | AB5: 6.4812259 | AC5: 0 | AD5: 0 | AE5: 0 | AF5: 0 | AG5: 0 | AH5: 0
A6: 4755 | B6: 89 | C6: 0 | D6: 0 | E6: 0 | F6: 20.716974 | G6: 0 | H6: 18.454356 | I6: 6.3104607 | J6: 0.79549751 | K6: 5.5972377 | L6: 0 | M6: 0 | N6: 0 | O6: 0 | P6: 0 | Q6: 0 | R6: 94 | S6: 117 | T6: 237.60218 | U6: 92.8697 | V6: 56.874305 | W6: 291.19878 | X6: 13.517609 | Y6: 6.0450388 | Z6: 0 | AA6: 0 | AB6: 0.014691221 | AC6: 0 | AD6: 0 | AE6: 1 | AF6: 1 | AG6: 0 | AH6: 0
A7: 4756 | B7: 86 | C7: 1 | D7: 1 | E7: 1 | F7: 30.626886 | G7: 0 | H7: 4.1401438 | I7: 0.21106163 | J7: 1.584922 | K7: 7.2619525 | L7: 0 | M7: 0 | N7: 1 | O7: 0 | P7: 0 | Q7: 0 | R7: 168 | S7: 62 | T7: 280.71254 | U7: 198.33463 | V7: 79.080503 | W7: 263.94365 | X7: 27.517529 | Y7: 5.5101441 | Z7: 0 | AA7: 0 | AB7: 9.0156863 | AC7: 1 | AD7: 0 | AE7: 0 | AF7: 0 | AG7: 0 | AH7: 0
A8: 4757 | B8: 68 | C8: 0 | D8: 3 | E8: 2 | F8: 38.387622 | G8: 1 | H8: 0.64604727 | I8: 9.2576949 | J8: 5.8973879 | K8: 5.4776856 | L8: 0 | M8: 0 | N8: 0 | O8: 0 | P8: 1 | Q8: 0 | R8: 143 | S8: 88 | T8: 263.73415 | U8: 52.47067 | V8: 66.533369 | W8: 216.48917 | X8: 1.9644127 | Y8: 6.0621245 | Z8: 0 | AA8: 0 | AB8: 9.2363283 | AC8: 0 | AD8: 0 | AE8: 0 | AF8: 0 | AG8: 1 | AH8: 0
A9: 4758 | B9: 75 | C9: 0 | D9: 0 | E9: 1 | F9: 18.776009 | G9: 0 | H9: 13.723826 | I9: 4.6494507 | J9: 8.3419032 | K9: 4.2132099 | L9: 0 | M9: 0 | N9: 0 | O9: 0 | P9: 0 | Q9: 0 | R9: 117 | S9: 63 | T9: 151.38314 | U9: 69.62351 | V9: 77.346816 | W9: 210.57087 | X9: 10.139568 | Y9: 3.4013735 | Z9: 0 | AA9: 0 | AB9: 4.5172483 | AC9: 1 | AD9: 0 | AE9: 0 | AF9: 0 | AG9: 1 | AH9: 1
A10: 4759 | B10: 72 | C10: 1 | D10: 1 | E10: 0 | F10: 27.833188 | G10: 0 | H10: 12.167848 | I10: 1.5313598 | J10: 6.736882 | K10: 5.7482239 | L10: 0 | M10: 0 | N10: 0 | O10: 0 | P10: 0 | Q10: 1 | R10: 117 | S10: 119 | T10: 233.60576 | U10: 144.04574 | V10: 43.075893 | W10: 151.16419 | X10: 25.820732 | Y10: 7.396061 | Z10: 0 | AA10: 1 | AB10: 0.75623181 | AC10: 0 | AD10: 0 | AE10: 1 | AF10: 0 | AG10: 0 | AH10: 0
A11: 4760 | B11: 87 | C11: 0 | D11: 0 | E11: 0 | F11: 35.456302 | G11: 1 | H11: 16.028688 | I11: 6.4407727 | J11: 8.0860191 | K11: 7.5517734 | L11: 0 | M11: 1 | N11: 0 | O11: 0 | P11: 0 | Q11: 0 | R11: 130 | S11: 78 | T11: 281.63005 | U11: 130.49758 | V11: 74.291247 | W11: 144.17597 | X11: 28.388409 | Y11: 1.1489035 | Z11: 0 | AA11: 1 | AB11: 4.5543939 | AC11: 0 | AD11: 0 | AE11: 0 | AF11: 0 | AG11: 0 | AH11: 0
A12: 4761 | B12: 89 | C12: 0 | D12: 3 | E12: 1 | F12: 39.463034 | G12: 0 | H12: 9.8112921 | I12: 8.8199504 | J12: 0.43402028 | K12: 7.6440973 | L12: 0 | M12: 0 | N12: 0 | O12: 0 | P12: 0 | Q12: 0 | R12: 131 | S12: 86 | T12: 224.52644 | U12: 160.75648 | V12: 68.328313 | W12: 172.78522 | X12: 19.696107 | Y12: 8.2469681 | Z12: 0 | AA12: 0 | AB12: 2.0189401 | AC12: 0 | AD12: 1 | AE12: 0 | AF12: 0 | AG12: 1 | AH12: 0
A13: 4762 | B13: 78 | C13: 0 | D13: 0 | E13: 2 | F13: 22.463383 | G13: 1 | H13: 19.300183 | I13: 3.8346394 | J13: 8.2791895 | K13: 8.3123255 | L13: 0 | M13: 0 | N13: 1 | O13: 0 | P13: 0 | Q13: 1 | R13: 165 | S13: 97 | T13: 254.58656 | U13: 132.96001 | V13: 39.009282 | W13: 344.44859 | X13: 21.205615 | Y13: 5.5685414 | Z13: 0 | AA13: 0 | AB13: 5.4672668 | AC13: 0 | AD13: 1 | AE13: 0 | AF13: 1 | AG13: 1 | AH13: 0
... A2150: 6899 | B2150: 72 | C2150: 0 | D2150: 0 | E2150: 2 | F2150: 33.289738 | G2150: 0 | H2150: 7.8907032 | I2150: 6.5709934 | J2150: 7.9414039 | K2150: 9.8787105 | L2150: 0 | M2150: 0 | N2150: 0 | O2150: 0 | P2150: 0 | Q2150: 0 | R2150: 166 | S2150: 78 | T2150: 283.3968 | U2150: 92.200064 | V2150: 81.920043 | W2150: 217.39687 | X2150: 11.114777 | Y2150: 6.3075433 | Z2150: 0 | AA2150: 1 | AB2150: 8.327563 | AC2150: 0 | AD2150: 1 | AE2150: 0 | AF2150: 0 | AG2150: 1 | AH2150: 0

Sheet Diagnosis-0
A1: PatientID | B1: Age | C1: Gender | D1: Ethnicity | E1: EducationLevel | F1: BMI | G1: Smoking | H1: AlcoholConsumption | I1: PhysicalActivity | J1: DietQuality | K1: SleepQuality | L1: FamilyHistoryAlzheimers | M1: CardiovascularDisease | N1: Diabetes | O1: Depression | P1: HeadInjury | Q1: Hypertension | R1: SystolicBP | S1: DiastolicBP | T1: CholesterolTotal | U1: CholesterolLDL | V1: CholesterolHDL | W1: CholesterolTriglycerides | X1: MMSE | Y1: FunctionalAssessment | Z1: MemoryComplaints | AA1: BehavioralProblems | AB1: ADL | AC1: Confusion | AD1: Disorientation | AE1: PersonalityChanges | AF1: DifficultyCompletingTasks | AG1: Forgetfulness | AH1: Diagnosis
A2: 4751 | B2: 73 | C2: 0 | D2: 0 | E2: 2 | F2: 22.927749 | G2: 0 | H2: 13.297218 | I2: 6.3271125 | J2: 1.3472143 | K2: 9.0256787 | L2: 0 | M2: 0 | N2: 1 | O2: 1 | P2: 0 | Q2: 0 | R2: 142 | S2: 72 | T2: 242.36684 | U2: 56.150897 | V2: 33.682563 | W2: 162.18914 | X2: 21.463532 | Y2: 6.518877 | Z2: 0 | AA2: 0 | AB2: 1.7258835 | AC2: 0 | AD2: 0 | AE2: 0 | AF2: 1 | AG2: 0 | AH2: 0
A3: 4752 | B3: 89 | C3: 0 | D3: 0 | E3: 0 | F3: 26.827681 | G3: 0 | H3: 4.5425238 | I3: 7.6198845 | J3: 0.51876714 | K3: 7.1512927 | L3: 0 | M3: 0 | N3: 0 | O3: 0 | P3: 0 | Q3: 0 | R3: 115 | S3: 64 | T3: 231.1626 | U3: 193.408 | V3: 79.028477 | W3: 294.63091 | X3: 20.613267 | Y3: 7.1186955 | Z3: 0 | AA3: 0 | AB3: 2.5924241 | AC3: 0 | AD3: 0 | AE3: 0 | AF3: 0 | AG3: 1 | AH3: 0
A4: 4753 | B4: 73 | C4: 0 | D4: 3 | E4: 1 | F4: 17.795882 | G4: 0 | H4: 19.555085 | I4: 7.8449878 | J4: 1.8263347 | K4: 9.6735742 | L4: 1 | M4: 0 | N4: 0 | O4: 0 | P4: 0 | Q4: 0 | R4: 99 | S4: 116 | T4: 284.18186 | U4: 153.32276 | V4: 69.772292 | W4: 83.638324 | X4: 7.3562486 | Y4: 5.8950773 | Z4: 0 | AA4: 0 | AB4: 7.1195477 | AC4: 0 | AD4: 1 | AE4: 0 | AF4: 1 | AG4: 0 | AH4: 0
A5: 4754 | B5: 74 | C5: 1 | D5: 0 | E5: 1 | F5: 33.800817 | G5: 1 | H5: 12.209266 | I5: 8.4280014 | J5: 7.4356041 | K5: 8.3925537 | L5: 0 | M5: 0 | N5: 0 | O5: 0 | P5: 0 | Q5: 0 | R5: 118 | S5: 115 | T5: 159.58224 | U5: 65.366637 | V5: 68.457491 | W5: 277.57736 | X5: 13.991127 | Y5: 8.9651063 | Z5: 0 | AA5: 1 | AB5: 6.4812259 | AC5: 0 | AD5: 0 | AE5: 0 | AF5: 0 | AG5: 0 | AH5: 0
A6: 4755 | B6: 89 | C6: 0 | D6: 0 | E6: 0 | F6: 20.716974 | G6: 0 | H6: 18.454356 | I6: 6.3104607 | J6: 0.79549751 | K6: 5.5972377 | L6: 0 | M6: 0 | N6: 0 | O6: 0 | P6: 0 | Q6: 0 | R6: 94 | S6: 117 | T6: 237.60218 | U6: 92.8697 | V6: 56.874305 | W6: 291.19878 | X6: 13.517609 | Y6: 6.0450388 | Z6: 0 | AA6: 0 | AB6: 0.014691221 | AC6: 0 | AD6: 0 | AE6: 1 | AF6: 1 | AG6: 0 | AH6: 0
A7: 4756 | B7: 86 | C7: 1 | D7: 1 | E7: 1 | F7: 30.626886 | G7: 0 | H7: 4.1401438 | I7: 0.21106163 | J7: 1.584922 | K7: 7.2619525 | L7: 0 | M7: 0 | N7: 1 | O7: 0 | P7: 0 | Q7: 0 | R7: 168 | S7: 62 | T7: 280.71254 | U7: 198.33463 | V7: 79.080503 | W7: 263.94365 | X7: 27.517529 | Y7: 5.5101441 | Z7: 0 | AA7: 0 | AB7: 9.0156863 | AC7: 1 | AD7: 0 | AE7: 0 | AF7: 0 | AG7: 0 | AH7: 0
A8: 4757 | B8: 68 | C8: 0 | D8: 3 | E8: 2 | F8: 38.387622 | G8: 1 | H8: 0.64604727 | I8: 9.2576949 | J8: 5.8973879 | K8: 5.4776856 | L8: 0 | M8: 0 | N8: 0 | O8: 0 | P8: 1 | Q8: 0 | R8: 143 | S8: 88 | T8: 263.73415 | U8: 52.47067 | V8: 66.533369 | W8: 216.48917 | X8: 1.9644127 | Y8: 6.0621245 | Z8: 0 | AA8: 0 | AB8: 9.2363283 | AC8: 0 | AD8: 0 | AE8: 0 | AF8: 0 | AG8: 1 | AH8: 0
A9: 4759 | B9: 72 | C9: 1 | D9: 1 | E9: 0 | F9: 27.833188 | G9: 0 | H9: 12.167848 | I9: 1.5313598 | J9: 6.736882 | K9: 5.7482239 | L9: 0 | M9: 0 | N9: 0 | O9: 0 | P9: 0 | Q9: 1 | R9: 117 | S9: 119 | T9: 233.60576 | U9: 144.04574 | V9: 43.075893 | W9: 151.16419 | X9: 25.820732 | Y9: 7.396061 | Z9: 0 | AA9: 1 | AB9: 0.75623181 | AC9: 0 | AD9: 0 | AE9: 1 | AF9: 0 | AG9: 0 | AH9: 0
A10: 4760 | B10: 87 | C10: 0 | D10: 0 | E10: 0 | F10: 35.456302 | G10: 1 | H10: 16.028688 | I10: 6.4407727 | J10: 8.0860191 | K10: 7.5517734 | L10: 0 | M10: 1 | N10: 0 | O10: 0 | P10: 0 | Q10: 0 | R10: 130 | S10: 78 | T10: 281.63005 | U10: 130.49758 | V10: 74.291247 | W10: 144.17597 | X10: 28.388409 | Y10: 1.1489035 | Z10: 0 | AA10: 1 | AB10: 4.5543939 | AC10: 0 | AD10: 0 | AE10: 0 | AF10: 0 | AG10: 0 | AH10: 0
A11: 4761 | B11: 89 | C11: 0 | D11: 3 | E11: 1 | F11: 39.463034 | G11: 0 | H11: 9.8112921 | I11: 8.8199504 | J11: 0.43402028 | K11: 7.6440973 | L11: 0 | M11: 0 | N11: 0 | O11: 0 | P11: 0 | Q11: 0 | R11: 131 | S11: 86 | T11: 224.52644 | U11: 160.75648 | V11: 68.328313 | W11: 172.78522 | X11: 19.696107 | Y11: 8.2469681 | Z11: 0 | AA11: 0 | AB11: 2.0189401 | AC11: 0 | AD11: 1 | AE11: 0 | AF11: 0 | AG11: 1 | AH11: 0
A12: 4762 | B12: 78 | C12: 0 | D12: 0 | E12: 2 | F12: 22.463383 | G12: 1 | H12: 19.300183 | I12: 3.8346394 | J12: 8.2791895 | K12: 8.3123255 | L12: 0 | M12: 0 | N12: 1 | O12: 0 | P12: 0 | Q12: 1 | R12: 165 | S12: 97 | T12: 254.58656 | U12: 132.96001 | V12: 39.009282 | W12: 344.44859 | X12: 21.205615 | Y12: 5.5685414 | Z12: 0 | AA12: 0 | AB12: 5.4672668 | AC12: 0 | AD12: 1 | AE12: 0 | AF12: 1 | AG12: 1 | AH12: 0
A13: 4763 | B13: 84 | C13: 1 | D13: 0 | E13: 1 | F13: 26.770946 | G13: 0 | H13: 10.978022 | I13: 3.9780789 | J13: 7.0244174 | K13: 8.2530046 | L13: 1 | M13: 0 | N13: 0 | O13: 1 | P13: 0 | Q13: 0 | R13: 145 | S13: 63 | T13: 254.43539 | U13: 148.29142 | V13: 98.585547 | W13: 81.525137 | X13: 2.2003398 | Y13: 0.51513642 | Z13: 0 | AA13: 0 | AB13: 9.0037594 | AC13: 1 | AD13: 0 | AE13: 0 | AF13: 0 | AG13: 0 | AH13: 0
... A1390: 6899 | B1390: 72 | C1390: 0 | D1390: 0 | E1390: 2 | F1390: 33.289738 | G1390: 0 | H1390: 7.8907032 | I1390: 6.5709934 | J1390: 7.9414039 | K1390: 9.8787105 | L1390: 0 | M1390: 0 | N1390: 0 | O1390: 0 | P1390: 0 | Q1390: 0 | R1390: 166 | S1390: 78 | T1390: 283.3968 | U1390: 92.200064 | V1390: 81.920043 | W1390: 217.39687 | X1390: 11.114777 | Y1390: 6.3075433 | Z1390: 0 | AA1390: 1 | AB1390: 8.327563 | AC1390: 0 | AD1390: 1 | AE1390: 0 | AF1390: 0 | AG1390: 1 | AH1390: 0

Sheet Diagnosis-1
A1: PatientID | B1: Age | C1: Gender | D1: Ethnicity | E1: EducationLevel | F1: BMI | G1: Smoking | H1: AlcoholConsumption | I1: PhysicalActivity | J1: DietQuality | K1: SleepQuality | L1: FamilyHistoryAlzheimers | M1: CardiovascularDisease | N1: Diabetes | O1: Depression | P1: HeadInjury | Q1: Hypertension | R1: SystolicBP | S1: DiastolicBP | T1: CholesterolTotal | U1: CholesterolLDL | V1: CholesterolHDL | W1: CholesterolTriglycerides | X1: MMSE | Y1: FunctionalAssessment | Z1: MemoryComplaints | AA1: BehavioralProblems | AB1: ADL | AC1: Confusion | AD1: Disorientation | AE1: PersonalityChanges | AF1: DifficultyCompletingTasks | AG1: Forgetfulness | AH1: Diagnosis
A2: 4758 | B2: 75 | C2: 0 | D2: 0 | E2: 1 | F2: 18.776009 | G2: 0 | H2: 13.723826 | I2: 4.6494507 | J2: 8.3419032 | K2: 4.2132099 | L2: 0 | M2: 0 | N2: 0 | O2: 0 | P2: 0 | Q2: 0 | R2: 117 | S2: 63 | T2: 151.38314 | U2: 69.62351 | V2: 77.346816 | W2: 210.57087 | X2: 10.139568 | Y2: 3.4013735 | Z2: 0 | AA2: 0 | AB2: 4.5172483 | AC2: 1 | AD2: 0 | AE2: 0 | AF2: 0 | AG2: 1 | AH2: 1
A3: 4764 | B3: 78 | C3: 1 | D3: 0 | E3: 1 | F3: 28.870652 | G3: 1 | H3: 10.194706 | I3: 0.63128073 | J3: 1.6532814 | K3: 7.3332356 | L3: 1 | M3: 0 | N3: 0 | O3: 0 | P3: 0 | Q3: 0 | R3: 137 | S3: 82 | T3: 221.30534 | U3: 194.60038 | V3: 26.33392 | W3: 357.58277 | X3: 7.8520823 | Y3: 4.5107129 | Z3: 1 | AA3: 0 | AB3: 1.9395955 | AC3: 0 | AD3: 1 | AE3: 0 | AF3: 0 | AG3: 0 | AH3: 1
A4: 4766 | B4: 69 | C4: 0 | D4: 0 | E4: 1 | F4: 18.045917 | G4: 0 | H4: 8.1168316 | I4: 2.9564947 | J4: 7.5706328 | K4: 6.7367966 | L4: 0 | M4: 0 | N4: 0 | O4: 0 | P4: 0 | Q4: 1 | R4: 124 | S4: 72 | T4: 204.67076 | U4: 97.755649 | V4: 99.286339 | W4: 246.91077 | X4: 22.715161 | Y4: 3.743028 | Z4: 0 | AA4: 0 | AB4: 1.9111312 | AC4: 0 | AD4: 0 | AE4: 0 | AF4: 0 | AG4: 1 | AH4: 1
A5: 4767 | B5: 63 | C5: 1 | D5: 1 | E5: 2 | F5: 22.822896 | G5: 1 | H5: 4.433961 | I5: 7.1828946 | J5: 7.9294858 | K5: 4.654828 | L5: 0 | M5: 1 | N5: 0 | O5: 0 | P5: 0 | Q5: 0 | R5: 148 | S5: 116 | T5: 200.50012 | U5: 181.02356 | V5: 51.867138 | W5: 119.65639 | X5: 7.1676023 | Y5: 9.3659463 | Z5: 1 | AA5: 0 | AB5: 1.3820864 | AC5: 0 | AD5: 0 | AE5: 0 | AF5: 0 | AG5: 0 | AH5: 1
A6: 4768 | B6: 65 | C6: 1 | D6: 0 | E6: 1 | F6: 16.333283 | G6: 1 | H6: 4.1617949 | I6: 1.3063204 | J6: 2.8889355 | K6: 5.4364227 | L6: 0 | M6: 0 | N6: 0 | O6: 0 | P6: 0 | Q6: 1 | R6: 154 | S6: 61 | T6: 183.11233 | U6: 101.2582 | V6: 39.229666 | W6: 374.85516 | X6: 18.049294 | Y6: 4.0195462 | Z6: 0 | AA6: 0 | AB6: 2.8929399 | AC6: 0 | AD6: 0 | AE6: 0 | AF6: 0 | AG6: 0 | AH6: 1
A7: 4770 | B7: 68 | C7: 0 | D7: 0 | E7: 3 | F7: 20.0414 | G7: 0 | H7: 18.426364 | I7: 4.0607139 | J7: 3.3615361 | K7: 7.3931262 | L7: 0 | M7: 0 | N7: 0 | O7: 0 | P7: 0 | Q7: 0 | R7: 144 | S7: 98 | T7: 195.20463 | U7: 181.97793 | V7: 50.597867 | W7: 52.786946 | X7: 11.044984 | Y7: 0.53563921 | Z7: 0 | AA7: 1 | AB7: 6.5385801 | AC7: 0 | AD7: 0 | AE7: 0 | AF7: 0 | AG7: 1 | AH7: 1
A8: 4771 | B8: 82 | C8: 1 | D8: 0 | E8: 0 | F8: 36.223099 | G8: 0 | H8: 4.1928955 | I8: 6.3815024 | J8: 7.9711271 | K8: 9.521027 | L8: 0 | M8: 1 | N8: 0 | O8: 0 | P8: 0 | Q8: 0 | R8: 120 | S8: 93 | T8: 271.84145 | U8: 84.478889 | V8: 76.37039 | W8: 361.24201 | X8: 8.984759 | Y8: 6.9464283 | Z8: 0 | AA8: 1 | AB8: 1.6880246 | AC8: 0 | AD8: 0 | AE8: 0 | AF8: 0 | AG8: 1 | AH8: 1
A9: 4774 | B9: 82 | C9: 1 | D9: 2 | E9: 1 | F9: 21.96939 | G9: 0 | H9: 3.2896502 | I9: 6.9347264 | J9: 3.2423431 | K9: 4.4125955 | L9: 0 | M9: 0 | N9: 0 | O9: 0 | P9: 0 | Q9: 0 | R9: 106 | S9: 95 | T9: 201.62161 | U9: 110.15187 | V9: 26.635028 | W9: 99.815855 | X9: 16.929659 | Y9: 8.4466292 | Z9: 1 | AA9: 0 | AB9: 4.5725203 | AC9: 0 | AD9: 0 | AE9: 0 | AF9: 0 | AG9: 0 | AH9: 1
A10: 4775 | B10: 64 | C10: 1 | D10: 0 | E10: 1 | F10: 15.457688 | G10: 1 | H10: 9.7759411 | I10: 7.1989312 | J10: 6.2175478 | K10: 6.732595 | L10: 0 | M10: 0 | N10: 0 | O10: 0 | P10: 0 | Q10: 0 | R10: 153 | S10: 81 | T10: 239.26341 | U10: 198.44986 | V10: 37.713208 | W10: 297.50056 | X10: 12.99198 | Y10: 2.4758167 | Z10: 1 | AA10: 1 | AB10: 0.37362673 | AC10: 0 | AD10: 0 | AE10: 0 | AF10: 0 | AG10: 0 | AH10: 1
A11: 4785 | B11: 66 | C11: 1 | D11: 1 | E11: 1 | F11: 17.572896 | G11: 1 | H11: 19.96667 | I11: 5.0133039 | J11: 3.1921643 | K11: 6.1646462 | L11: 0 | M11: 1 | N11: 1 | O11: 0 | P11: 0 | Q11: 0 | R11: 117 | S11: 75 | T11: 291.76423 | U11: 73.184972 | V11: 29.835127 | W11: 294.50503 | X11: 8.0332039 | Y11: 0.78351574 | Z11: 1 | AA11: 0 | AB11: 8.141149 | AC11: 0 | AD11: 0 | AE11: 0 | AF11: 0 | AG11: 1 | AH11: 1
A12: 4787 | B12: 85 | C12: 0 | D12: 0 | E12: 1 | F12: 36.221033 | G12: 0 | H12: 2.6536664 | I12: 3.9856128 | J12: 2.4045851 | K12: 8.8107294 | L12: 0 | M12: 0 | N12: 0 | O12: 0 | P12: 0 | Q12: 1 | R12: 97 | S12: 60 | T12: 227.29947 | U12: 91.43543 | V12: 85.490937 | W12: 344.72008 | X12: 14.105907 | Y12: 0.31216093 | Z12: 1 | AA12: 0 | AB12: 8.744281 | AC12: 1 | AD12: 0 | AE12: 0 | AF12: 0 | AG12: 0 | AH12: 1
A13: 4789 | B13: 88 | C13: 0 | D13: 0 | E13: 1 | F13: 33.780685 | G13: 0 | H13: 13.442082 | I13: 4.0056858 | J13: 4.2696452 | K13: 6.0466351 | L13: 0 | M13: 0 | N13: 0 | O13: 0 | P13: 1 | Q13: 0 | R13: 164 | S13: 110 | T13: 159.70467 | U13: 178.20343 | V13: 90.883667 | W13: 256.54904 | X13: 1.4816615 | Y13: 3.3584303 | Z13: 1 | AA13: 0 | AB13: 0.54676156 | AC13: 0 | AD13: 0 | AE13: 0 | AF13: 0 | AG13: 1 | AH13: 1
... A761: 6898 | B761: 78 | C761: 1 | D761: 3 | E761: 1 | F761: 15.299911 | G761: 0 | H761: 8.6745052 | I761: 6.3542818 | J761: 1.2634275 | K761: 8.322874 | L761: 0 | M761: 1 | N761: 0 | O761: 0 | P761: 0 | Q761: 0 | R761: 103 | S761: 96 | T761: 242.19719 | U761: 52.482961 | V761: 81.281111 | W761: 145.25375 | X761: 4.0304909 | Y761: 5.173891 | Z761: 0 | AA761: 0 | AB761: 3.7853987 | AC761: 0 | AD761: 0 | AE761: 0 | AF761: 0 | AG761: 1 | AH761: 1

Sheet 5 Number Summary
A1: Diagnosis: 0 | H1: Diagnosis: 1
A2: Attributes | B2: Min | C2: Q1 (25th percentile) | D2: Q2 (50th percentile) | E2: Q3 (75th percentile) | F2: Max | H2: Attributes | I2: Min | J2: Q1 (25th percentile) | K2: Q2 (50th percentile) | L2: Q3 (75th percentile) | M2: Max
A3: Age | B3: {=MIN(_xlfn._xlws.FILTER('Diagnosis-0'!$A$2:$AH$1390,'Diagnosis-0'!$A$1:$AH$1='5 Number Summary'!A3))} -> 60 | C3: {=_xlfn.PERCENTILE.INC(_xlfn._xlws.FILTER('Diagnosis-0'!$A$2:$AH$1390,'Diagnosis-0'!$A$1:$AH$1 = '5 Number Summary'!A3),0.25)} -> 67 | D3: {=_xlfn.PERCENTILE.INC(_xlfn._xlws.FILTER('Diagnosis-0'!$A$2:$AH$1390,'Diagnosis-0'!$A$1:$AH$1 = '5 Number Summary'!A3),0.5)} -> 75 | E3: {=_xlfn.PERCENTILE.INC(_xlfn._xlws.FILTER('Diagnosis-0'!$A$2:$AH$1390,'Diagnosis-0'!$A$1:$AH$1 = '5 Number Summary'!A3),0.75)} -> 83 | F3: {=MAX(_xlfn._xlws.FILTER('Diagnosis-0'!$A$2:$AH$1390,'Diagnosis-0'!$A$1:$AH$1='5 Number Summary'!A3))} -> 90 | H3: Age | I3: {=MIN(_xlfn._xlws.FILTER('Diagnosis-1'!$A$2:$AH$761,'Diagnosis-1'!$A$1:$AH$1='5 Number Summary'!H3))} -> 60 | J3: {=_xlfn.PERCENTILE.INC(_xlfn._xlws.FILTER('Diagnosis-1'!$A$2:$AH$761,'Diagnosis-1'!$A$1:$AH$1='5 Number Summary'!H3),0.25)} -> 67 | K3: {=_xlfn.PERCENTILE.INC(_xlfn._xlws.FILTER('Diagnosis-1'!$A$2:$AH$761,'Diagnosis-1'!$A$1:$AH$1='5 Number Summary'!H3),0.5)} -> 75 | L3: {=_xlfn.PERCENTILE.INC(_xlfn._xlws.FILTER('Diagnosis-1'!$A$2:$AH$761,'Diagnosis-1'!$A$1:$AH$1='5 Number Summary'!H3),0.75)} -> 83 | M3: {=MAX(_xlfn._xlws.FILTER('Diagnosis-1'!$A$2:$AH$761,'Diagnosis-1'!$A$1:$AH$1='5 Number Summary'!H3))} -> 90
A4: BMI | B4: {=MIN(_xlfn._xlws.FILTER('Diagnosis-0'!$A$2:$AH$1390,'Diagnosis-0'!$A$1:$AH$1='5 Number Summary'!A4))} -> 15.008851 | C4: {=_xlfn.PERCENTILE.INC(_xlfn._xlws.FILTER('Diagnosis-0'!$A$2:$AH$1390,'Diagnosis-0'!$A$1:$AH$1 = '5 Number Summary'!A4),0.25)} -> 21.538994 | D4: {=_xlfn.PERCENTILE.INC(_xlfn._xlws.FILTER('Diagnosis-0'!$A$2:$AH$1390,'Diagnosis-0'!$A$1:$AH$1 = '5 Number Summary'!A4),0.5)} -> 27.560758 | E4: {=_xlfn.PERCENTILE.INC(_xlfn._xlws.FILTER('Diagnosis-0'!$A$2:$AH$1390,'Diagnosis-0'!$A$1:$AH$1 = '5 Number Summary'!A4),0.75)} -> 33.590817 | F4: {=MAX(_xlfn._xlws.FILTER('Diagnosis-0'!$A$2:$AH$1390,'Diagnosis-0'!$A$1:$AH$1='5 Number Summary'!A4))} -> 39.988513 | H4: BMI | I4: {=MIN(_xlfn._xlws.FILTER('Diagnosis-1'!$A$2:$AH$761,'Diagnosis-1'!$A$1:$AH$1='5 Number Summary'!H4))} -> 15.01824 | J4: {=_xlfn.PERCENTILE.INC(_xlfn._xlws.FILTER('Diagnosis-1'!$A$2:$AH$761,'Diagnosis-1'!$A$1:$AH$1='5 Number Summary'!H4),0.25)} -> 21.684882 | K4: {=_xlfn.PERCENTILE.INC(_xlfn._xlws.FILTER('Diagnosis-1'!$A$2:$AH$761,'Diagnosis-1'!$A$1:$AH$1='5 Number Summary'!H4),0.5)} -> 28.004793 | L4: {=_xlfn.PERCENTILE.INC(_xlfn._xlws.FILTER('Diagnosis-1'!$A$2:$AH$761,'Diagnosis-1'!$A$1:$AH$1='5 Number Summary'!H4),0.75)} -> 34.449386 | M4: {=MAX(_xlfn._xlws.FILTER('Diagnosis-1'!$A$2:$AH$761,'Diagnosis-1'!$A$1:$AH$1='5 Number Summary'!H4))} -> 39.992767
A5: AlcoholConsumption | B5: {=MIN(_xlfn._xlws.FILTER('Diagnosis-0'!$A$2:$AH$1390,'Diagnosis-0'!$A$1:$AH$1='5 Number Summary'!A5))} -> 0.0020030991 | C5: {=_xlfn.PERCENTILE.INC(_xlfn._xlws.FILTER('Diagnosis-0'!$A$2:$AH$1390,'Diagnosis-0'!$A$1:$AH$1 = '5 Number Summary'!A5),0.25)} -> 5.3104392 | D5: {=_xlfn.PERCENTILE.INC(_xlfn._xlws.FILTER('Diagnosis-0'!$A$2:$AH$1390,'Diagnosis-0'!$A$1:$AH$1 = '5 Number Summary'!A5),0.5)} -> 9.9672244 | E5: {=_xlfn.PERCENTILE.INC(_xlfn._xlws.FILTER('Diagnosis-0'!$A$2:$AH$1390,'Diagnosis-0'!$A$1:$AH$1 = '5 Number Summary'!A5),0.75)} -> 15.095018 | F5: {=MAX(_xlfn._xlws.FILTER('Diagnosis-0'!$A$2:$AH$1390,'Diagnosis-0'!$A$1:$AH$1='5 Number Summary'!A5))} -> 19.989293 | H5: AlcoholConsumption | I5: {=MIN(_xlfn._xlws.FILTER('Diagnosis-1'!$A$2:$AH$761,'Diagnosis-1'!$A$1:$AH$1='5 Number Summary'!H5))} -> 0.065285997 | J5: {=_xlfn.PERCENTILE.INC(_xlfn._xlws.FILTER('Diagnosis-1'!$A$2:$AH$761,'Diagnosis-1'!$A$1:$AH$1='5 Number Summary'!H5),0.25)} -> 4.8026231 | K5: {=_xlfn.PERCENTILE.INC(_xlfn._xlws.FILTER('Diagnosis-1'!$A$2:$AH$761,'Diagnosis-1'!$A$1:$AH$1='5 Number Summary'!H5),0.5)} -> 9.8603419 | L5: {=_xlfn.PERCENTILE.INC(_xlfn._xlws.FILTER('Diagnosis-1'!$A$2:$AH$761,'Diagnosis-1'!$A$1:$AH$1='5 Number Summary'!H5),0.75)} -> 15.190361 | M5: {=MAX(_xlfn._xlws.FILTER('Diagnosis-1'!$A$2:$AH$761,'Diagnosis-1'!$A$1:$AH$1='5 Number Summary'!H5))} -> 19.988291
A6: PhysicalActivity | B6: {=MIN(_xlfn._xlws.FILTER('Diagnosis-0'!$A$2:$AH$1390,'Diagnosis-0'!$A$1:$AH$1='5 Number Summary'!A6))} -> 0.0036160168 | C6: {=_xlfn.PERCENTILE.INC(_xlfn._xlws.FILTER('Diagnosis-0'!$A$2:$AH$1390,'Diagnosis-0'!$A$1:$AH$1 = '5 Number Summary'!A6),0.25)} -> 2.5244507 | D6: {=_xlfn.PERCENTILE.INC(_xlfn._xlws.FILTER('Diagnosis-0'!$A$2:$AH$1390,'Diagnosis-0'!$A$1:$AH$1 = '5 Number Summary'!A6),0.5)} -> 4.7331162 | E6: {=_xlfn.PERCENTILE.INC(_xlfn._xlws.FILTER('Diagnosis-0'!$A$2:$AH$1390,'Diagnosis-0'!$A$1:$AH$1 = '5 Number Summary'!A6),0.75)} -> 7.4554338 | F6: {=MAX(_xlfn._xlws.FILTER('Diagnosis-0'!$A$2:$AH$1390,'Diagnosis-0'!$A$1:$AH$1='5 Number Summary'!A6))} -> 9.9874294 | H6: PhysicalActivity | I6: {=MIN(_xlfn._xlws.FILTER('Diagnosis-1'!$A$2:$AH$761,'Diagnosis-1'!$A$1:$AH$1='5 Number Summary'!H6))} -> 0.019956906 | J6: {=_xlfn.PERCENTILE.INC(_xlfn._xlws.FILTER('Diagnosis-1'!$A$2:$AH$761,'Diagnosis-1'!$A$1:$AH$1='5 Number Summary'!H6),0.25)} -> 2.6328831 | K6: {=_xlfn.PERCENTILE.INC(_xlfn._xlws.FILTER('Diagnosis-1'!$A$2:$AH$761,'Diagnosis-1'!$A$1:$AH$1='5 Number Summary'!H6),0.5)} -> 4.8453178 | L6: {=_xlfn.PERCENTILE.INC(_xlfn._xlws.FILTER('Diagnosis-1'!$A$2:$AH$761,'Diagnosis-1'!$A$1:$AH$1='5 Number Summary'!H6),0.75)} -> 7.3746994 | M6: {=MAX(_xlfn._xlws.FILTER('Diagnosis-1'!$A$2:$AH$761,'Diagnosis-1'!$A$1:$AH$1='5 Number Summary'!H6))} -> 9.9850688
A7: DietQuality | B7: {=MIN(_xlfn._xlws.FILTER('Diagnosis-0'!$A$2:$AH$1390,'Diagnosis-0'!$A$1:$AH$1='5 Number Summary'!A7))} -> 0.0093847201 | C7: {=_xlfn.PERCENTILE.INC(_xlfn._xlws.FILTER('Diagnosis-0'!$A$2:$AH$1390,'Diagnosis-0'!$A$1:$AH$1 = '5 Number Summary'!A7),0.25)} -> 2.354424 | D7: {=_xlfn.PERCENTILE.INC(_xlfn._xlws.FILTER('Diagnosis-0'!$A$2:$AH$1390,'Diagnosis-0'!$A$1:$AH$1 = '5 Number Summary'!A7),0.5)} -> 5.0662929 | E7: {=_xlfn.PERCENTILE.INC(_xlfn._xlws.FILTER('Diagnosis-0'!$A$2:$AH$1390,'Diagnosis-0'!$A$1:$AH$1 = '5 Number Summary'!A7),0.75)} -> 7.5197035 | F7: {=MAX(_xlfn._xlws.FILTER('Diagnosis-0'!$A$2:$AH$1390,'Diagnosis-0'!$A$1:$AH$1='5 Number Summary'!A7))} -> 9.9983457 | H7: DietQuality | I7: {=MIN(_xlfn._xlws.FILTER('Diagnosis-1'!$A$2:$AH$761,'Diagnosis-1'!$A$1:$AH$1='5 Number Summary'!H7))} -> 0.019939764 | J7: {=_xlfn.PERCENTILE.INC(_xlfn._xlws.FILTER('Diagnosis-1'!$A$2:$AH$761,'Diagnosis-1'!$A$1:$AH$1='5 Number Summary'!H7),0.25)} -> 2.5961714 | K7: {=_xlfn.PERCENTILE.INC(_xlfn._xlws.FILTER('Diagnosis-1'!$A$2:$AH$761,'Diagnosis-1'!$A$1:$AH$1='5 Number Summary'!H7),0.5)} -> 5.0825413 | L7: {=_xlfn.PERCENTILE.INC(_xlfn._xlws.FILTER('Diagnosis-1'!$A$2:$AH$761,'Diagnosis-1'!$A$1:$AH$1='5 Number Summary'!H7),0.75)} -> 7.5773089 | M7: {=MAX(_xlfn._xlws.FILTER('Diagnosis-1'!$A$2:$AH$761,'Diagnosis-1'!$A$1:$AH$1='5 Number Summary'!H7))} -> 9.9712041
A8: SleepQuality | B8: {=MIN(_xlfn._xlws.FILTER('Diagnosis-0'!$A$2:$AH$1390,'Diagnosis-0'!$A$1:$AH$1='5 Number Summary'!A8))} -> 4.0026287 | C8: {=_xlfn.PERCENTILE.INC(_xlfn._xlws.FILTER('Diagnosis-0'!$A$2:$AH$1390,'Diagnosis-0'!$A$1:$AH$1 = '5 Number Summary'!A8),0.25)} -> 5.5645639 | D8: {=_xlfn.PERCENTILE.INC(_xlfn._xlws.FILTER('Diagnosis-0'!$A$2:$AH$1390,'Diagnosis-0'!$A$1:$AH$1 = '5 Number Summary'!A8),0.5)} -> 7.238501 | E8: {=_xlfn.PERCENTILE.INC(_xlfn._xlws.FILTER('Diagnosis-0'!$A$2:$AH$1390,'Diagnosis-0'!$A$1:$AH$1 = '5 Number Summary'!A8),0.75)} -> 8.6451826 | F8: {=MAX(_xlfn._xlws.FILTER('Diagnosis-0'!$A$2:$AH$1390,'Diagnosis-0'!$A$1:$AH$1='5 Number Summary'!A8))} -> 9.9998403 | H8: SleepQuality | I8: {=MIN(_xlfn._xlws.FILTER('Diagnosis-1'!$A$2:$AH$761,'Diagnosis-1'!$A$1:$AH$1='5 Number Summary'!H8))} -> 4.0061709 | J8: {=_xlfn.PERCENTILE.INC(_xlfn._xlws.FILTER('Diagnosis-1'!$A$2:$AH$761,'Diagnosis-1'!$A$1:$AH$1='5 Number Summary'!H8),0.25)} -> 5.3400612 | K8: {=_xlfn.PERCENTILE.INC(_xlfn._xlws.FILTER('Diagnosis-1'!$A$2:$AH$761,'Diagnosis-1'!$A$1:$AH$1='5 Number Summary'!H8),0.5)} -> 6.9121638 | L8: {=_xlfn.PERCENTILE.INC(_xlfn._xlws.FILTER('Diagnosis-1'!$A$2:$AH$761,'Diagnosis-1'!$A$1:$AH$1='5 Number Summary'!H8),0.75)} -> 8.4116089 | M8: {=MAX(_xlfn._xlws.FILTER('Diagnosis-1'!$A$2:$AH$761,'Diagnosis-1'!$A$1:$AH$1='5 Number Summary'!H8))} -> 9.9976273
A9: SystolicBP | B9: {=MIN(_xlfn._xlws.FILTER('Diagnosis-0'!$A$2:$AH$1390,'Diagnosis-0'!$A$1:$AH$1='5 Number Summary'!A9))} -> 90 | C9: {=_xlfn.PERCENTILE.INC(_xlfn._xlws.FILTER('Diagnosis-0'!$A$2:$AH$1390,'Diagnosis-0'!$A$1:$AH$1 = '5 Number Summary'!A9),0.25)} -> 111 | D9: {=_xlfn.PERCENTILE.INC(_xlfn._xlws.FILTER('Diagnosis-0'!$A$2:$AH$1390,'Diagnosis-0'!$A$1:$AH$1 = '5 Number Summary'!A9),0.5)} -> 135 | E9: {=_xlfn.PERCENTILE.INC(_xlfn._xlws.FILTER('Diagnosis-0'!$A$2:$AH$1390,'Diagnosis-0'!$A$1:$AH$1 = '5 Number Summary'!A9),0.75)} -> 157 | F9: {=MAX(_xlfn._xlws.FILTER('Diagnosis-0'!$A$2:$AH$1390,'Diagnosis-0'!$A$1:$AH$1='5 Number Summary'!A9))} -> 179 | H9: SystolicBP | I9: {=MIN(_xlfn._xlws.FILTER('Diagnosis-1'!$A$2:$AH$761,'Diagnosis-1'!$A$1:$AH$1='5 Number Summary'!H9))} -> 90 | J9: {=_xlfn.PERCENTILE.INC(_xlfn._xlws.FILTER('Diagnosis-1'!$A$2:$AH$761,'Diagnosis-1'!$A$1:$AH$1='5 Number Summary'!H9),0.25)} -> 112 | K9: {=_xlfn.PERCENTILE.INC(_xlfn._xlws.FILTER('Diagnosis-1'!$A$2:$AH$761,'Diagnosis-1'!$A$1:$AH$1='5 Number Summary'!H9),0.5)} -> 133 | L9: {=_xlfn.PERCENTILE.INC(_xlfn._xlws.FILTER('Diagnosis-1'!$A$2:$AH$761,'Diagnosis-1'!$A$1:$AH$1='5 Number Summary'!H9),0.75)} -> 156 | M9: {=MAX(_xlfn._xlws.FILTER('Diagnosis-1'!$A$2:$AH$761,'Diagnosis-1'!$A$1:$AH$1='5 Number Summary'!H9))} -> 179
A10: DiastolicBP | B10: {=MIN(_xlfn._xlws.FILTER('Diagnosis-0'!$A$2:$AH$1390,'Diagnosis-0'!$A$1:$AH$1='5 Number Summary'!A10))} -> 60 | C10: {=_xlfn.PERCENTILE.INC(_xlfn._xlws.FILTER('Diagnosis-0'!$A$2:$AH$1390,'Diagnosis-0'!$A$1:$AH$1 = '5 Number Summary'!A10),0.25)} -> 75 | D10: {=_xlfn.PERCENTILE.INC(_xlfn._xlws.FILTER('Diagnosis-0'!$A$2:$AH$1390,'Diagnosis-0'!$A$1:$AH$1 = '5 Number Summary'!A10),0.5)} -> 90 | E10: {=_xlfn.PERCENTILE.INC(_xlfn._xlws.FILTER('Diagnosis-0'!$A$2:$AH$1390,'Diagnosis-0'!$A$1:$AH$1 = '5 Number Summary'!A10),0.75)} -> 105 | F10: {=MAX(_xlfn._xlws.FILTER('Diagnosis-0'!$A$2:$AH$1390,'Diagnosis-0'!$A$1:$AH$1='5 Number Summary'!A10))} -> 119 | H10: DiastolicBP | I10: {=MIN(_xlfn._xlws.FILTER('Diagnosis-1'!$A$2:$AH$761,'Diagnosis-1'!$A$1:$AH$1='5 Number Summary'!H10))} -> 60 | J10: {=_xlfn.PERCENTILE.INC(_xlfn._xlws.FILTER('Diagnosis-1'!$A$2:$AH$761,'Diagnosis-1'!$A$1:$AH$1='5 Number Summary'!H10),0.25)} -> 74 | K10: {=_xlfn.PERCENTILE.INC(_xlfn._xlws.FILTER('Diagnosis-1'!$A$2:$AH$761,'Diagnosis-1'!$A$1:$AH$1='5 Number Summary'!H10),0.5)} -> 91 | L10: {=_xlfn.PERCENTILE.INC(_xlfn._xlws.FILTER('Diagnosis-1'!$A$2:$AH$761,'Diagnosis-1'!$A$1:$AH$1='5 Number Summary'!H10),0.75)} -> 105 | M10: {=MAX(_xlfn._xlws.FILTER('Diagnosis-1'!$A$2:$AH$761,'Diagnosis-1'!$A$1:$AH$1='5 Number Summary'!H10))} -> 119
A11: CholesterolTotal | B11: {=MIN(_xlfn._xlws.FILTER('Diagnosis-0'!$A$2:$AH$1390,'Diagnosis-0'!$A$1:$AH$1='5 Number Summary'!A11))} -> 150.09332 | C11: {=_xlfn.PERCENTILE.INC(_xlfn._xlws.FILTER('Diagnosis-0'!$A$2:$AH$1390,'Diagnosis-0'!$A$1:$AH$1 = '5 Number Summary'!A11),0.25)} -> 191.51222 | D11: {=_xlfn.PERCENTILE.INC(_xlfn._xlws.FILTER('Diagnosis-0'!$A$2:$AH$1390,'Diagnosis-0'!$A$1:$AH$1 = '5 Number Summary'!A11),0.5)} -> 224.45389 | E11: {=_xlfn.PERCENTILE.INC(_xlfn._xlws.FILTER('Diagnosis-0'!$A$2:$AH$1390,'Diagnosis-0'!$A$1:$AH$1 = '5 Number Summary'!A11),0.75)} -> 261.87313 | F11: {=MAX(_xlfn._xlws.FILTER('Diagnosis-0'!$A$2:$AH$1390,'Diagnosis-0'!$A$1:$AH$1='5 Number Summary'!A11))} -> 299.99335 | H11: CholesterolTotal | I11: {=MIN(_xlfn._xlws.FILTER('Diagnosis-1'!$A$2:$AH$761,'Diagnosis-1'!$A$1:$AH$1='5 Number Summary'!H11))} -> 150.21265 | J11: {=_xlfn.PERCENTILE.INC(_xlfn._xlws.FILTER('Diagnosis-1'!$A$2:$AH$761,'Diagnosis-1'!$A$1:$AH$1='5 Number Summary'!H11),0.25)} -> 188.74724 | K11: {=_xlfn.PERCENTILE.INC(_xlfn._xlws.FILTER('Diagnosis-1'!$A$2:$AH$761,'Diagnosis-1'!$A$1:$AH$1='5 Number Summary'!H11),0.5)} -> 226.44808 | L11: {=_xlfn.PERCENTILE.INC(_xlfn._xlws.FILTER('Diagnosis-1'!$A$2:$AH$761,'Diagnosis-1'!$A$1:$AH$1='5 Number Summary'!H11),0.75)} -> 262.8052 | M11: {=MAX(_xlfn._xlws.FILTER('Diagnosis-1'!$A$2:$AH$761,'Diagnosis-1'!$A$1:$AH$1='5 Number Summary'!H11))} -> 299.95999
A12: CholesterolLDL | B12: {=MIN(_xlfn._xlws.FILTER('Diagnosis-0'!$A$2:$AH$1390,'Diagnosis-0'!$A$1:$AH$1='5 Number Summary'!A12))} -> 50.230707 | C12: {=_xlfn.PERCENTILE.INC(_xlfn._xlws.FILTER('Diagnosis-0'!$A$2:$AH$1390,'Diagnosis-0'!$A$1:$AH$1 = '5 Number Summary'!A12),0.25)} -> 87.947655 | D12: {=_xlfn.PERCENTILE.INC(_xlfn._xlws.FILTER('Diagnosis-0'!$A$2:$AH$1390,'Diagnosis-0'!$A$1:$AH$1 = '5 Number Summary'!A12),0.5)} -> 124.83949 | E12: {=_xlfn.PERCENTILE.INC(_xlfn._xlws.FILTER('Diagnosis-0'!$A$2:$AH$1390,'Diagnosis-0'!$A$1:$AH$1 = '5 Number Summary'!A12),0.75)} -> 162.66353 | F12: {=MAX(_xlfn._xlws.FILTER('Diagnosis-0'!$A$2:$AH$1390,'Diagnosis-0'!$A$1:$AH$1='5 Number Summary'!A12))} -> 199.80718 | H12: CholesterolLDL | I12: {=MIN(_xlfn._xlws.FILTER('Diagnosis-1'!$A$2:$AH$761,'Diagnosis-1'!$A$1:$AH$1='5 Number Summary'!H12))} -> 50.430083 | J12: {=_xlfn.PERCENTILE.INC(_xlfn._xlws.FILTER('Diagnosis-1'!$A$2:$AH$761,'Diagnosis-1'!$A$1:$AH$1='5 Number Summary'!H12),0.25)} -> 85.195865 | K12: {=_xlfn.PERCENTILE.INC(_xlfn._xlws.FILTER('Diagnosis-1'!$A$2:$AH$761,'Diagnosis-1'!$A$1:$AH$1='5 Number Summary'!H12),0.5)} -> 121.80339 | L12: {=_xlfn.PERCENTILE.INC(_xlfn._xlws.FILTER('Diagnosis-1'!$A$2:$AH$761,'Diagnosis-1'!$A$1:$AH$1='5 Number Summary'!H12),0.75)} -> 160.04695 | M12: {=MAX(_xlfn._xlws.FILTER('Diagnosis-1'!$A$2:$AH$761,'Diagnosis-1'!$A$1:$AH$1='5 Number Summary'!H12))} -> 199.96567
A13: CholesterolHDL | B13: {=MIN(_xlfn._xlws.FILTER('Diagnosis-0'!$A$2:$AH$1390,'Diagnosis-0'!$A$1:$AH$1='5 Number Summary'!A13))} -> 20.003434 | C13: {=_xlfn.PERCENTILE.INC(_xlfn._xlws.FILTER('Diagnosis-0'!$A$2:$AH$1390,'Diagnosis-0'!$A$1:$AH$1 = '5 Number Summary'!A13),0.25)} -> 38.675117 | D13: {=_xlfn.PERCENTILE.INC(_xlfn._xlws.FILTER('Diagnosis-0'!$A$2:$AH$1390,'Diagnosis-0'!$A$1:$AH$1 = '5 Number Summary'!A13),0.5)} -> 58.299539 | E13: {=_xlfn.PERCENTILE.INC(_xlfn._xlws.FILTER('Diagnosis-0'!$A$2:$AH$1390,'Diagnosis-0'!$A$1:$AH$1 = '5 Number Summary'!A13),0.75)} -> 77.917938 | F13: {=MAX(_xlfn._xlws.FILTER('Diagnosis-0'!$A$2:$AH$1390,'Diagnosis-0'!$A$1:$AH$1='5 Number Summary'!A13))} -> 99.980324 | H13: CholesterolHDL | I13: {=MIN(_xlfn._xlws.FILTER('Diagnosis-1'!$A$2:$AH$761,'Diagnosis-1'!$A$1:$AH$1='5 Number Summary'!H13))} -> 20.015125 | J13: {=_xlfn.PERCENTILE.INC(_xlfn._xlws.FILTER('Diagnosis-1'!$A$2:$AH$761,'Diagnosis-1'!$A$1:$AH$1='5 Number Summary'!H13),0.25)} -> 39.687037 | K13: {=_xlfn.PERCENTILE.INC(_xlfn._xlws.FILTER('Diagnosis-1'!$A$2:$AH$761,'Diagnosis-1'!$A$1:$AH$1='5 Number Summary'!H13),0.5)} -> 61.847228 | L13: {=_xlfn.PERCENTILE.INC(_xlfn._xlws.FILTER('Diagnosis-1'!$A$2:$AH$761,'Diagnosis-1'!$A$1:$AH$1='5 Number Summary'!H13),0.75)} -> 80.565846 | M13: {=MAX(_xlfn._xlws.FILTER('Diagnosis-1'!$A$2:$AH$761,'Diagnosis-1'!$A$1:$AH$1='5 Number Summary'!H13))} -> 99.959494
A14: CholesterolTriglycerides | B14: {=MIN(_xlfn._xlws.FILTER('Diagnosis-0'!$A$2:$AH$1390,'Diagnosis-0'!$A$1:$AH$1='5 Number Summary'!A14))} -> 50.407194 | C14: {=_xlfn.PERCENTILE.INC(_xlfn._xlws.FILTER('Diagnosis-0'!$A$2:$AH$1390,'Diagnosis-0'!$A$1:$AH$1 = '5 Number Summary'!A14),0.25)} -> 137.17223 | D14: {=_xlfn.PERCENTILE.INC(_xlfn._xlws.FILTER('Diagnosis-0'!$A$2:$AH$1390,'Diagnosis-0'!$A$1:$AH$1 = '5 Number Summary'!A14),0.5)} -> 226.136 | E14: {=_xlfn.PERCENTILE.INC(_xlfn._xlws.FILTER('Diagnosis-0'!$A$2:$AH$1390,'Diagnosis-0'!$A$1:$AH$1 = '5 Number Summary'!A14),0.75)} -> 313.2448 | F14: {=MAX(_xlfn._xlws.FILTER('Diagnosis-0'!$A$2:$AH$1390,'Diagnosis-0'!$A$1:$AH$1='5 Number Summary'!A14))} -> 399.94186 | H14: CholesterolTriglycerides | I14: {=MIN(_xlfn._xlws.FILTER('Diagnosis-1'!$A$2:$AH$761,'Diagnosis-1'!$A$1:$AH$1='5 Number Summary'!H14))} -> 50.461611 | J14: {=_xlfn.PERCENTILE.INC(_xlfn._xlws.FILTER('Diagnosis-1'!$A$2:$AH$761,'Diagnosis-1'!$A$1:$AH$1='5 Number Summary'!H14),0.25)} -> 140.03438 | K14: {=_xlfn.PERCENTILE.INC(_xlfn._xlws.FILTER('Diagnosis-1'!$A$2:$AH$761,'Diagnosis-1'!$A$1:$AH$1='5 Number Summary'!H14),0.5)} -> 239.61889 | L14: {=_xlfn.PERCENTILE.INC(_xlfn._xlws.FILTER('Diagnosis-1'!$A$2:$AH$761,'Diagnosis-1'!$A$1:$AH$1='5 Number Summary'!H14),0.75)} -> 316.13186 | M14: {=MAX(_xlfn._xlws.FILTER('Diagnosis-1'!$A$2:$AH$761,'Diagnosis-1'!$A$1:$AH$1='5 Number Summary'!H14))} -> 399.85432
... A17: ADL | B17: {=MIN(_xlfn._xlws.FILTER('Diagnosis-0'!$A$2:$AH$1390,'Diagnosis-0'!$A$1:$AH$1='5 Number Summary'!A17))} -> 0.014691221 | C17: {=_xlfn.PERCENTILE.INC(_xlfn._xlws.FILTER('Diagnosis-0'!$A$2:$AH$1390,'Diagnosis-0'!$A$1:$AH$1 = '5 Number Summary'!A17),0.25)} -> 3.4026945 | D17: {=_xlfn.PERCENTILE.INC(_xlfn._xlws.FILTER('Diagnosis-0'!$A$2:$AH$1390,'Diagnosis-0'!$A$1:$AH$1 = '5 Number Summary'!A17),0.5)} -> 6.1351198 | E17: {=_xlfn.PERCENTILE.INC(_xlfn._xlws.FILTER('Diagnosis-0'!$A$2:$AH$1390,'Diagnosis-0'!$A$1:$AH$1 = '5 Number Summary'!A17),0.75)} -> 7.9989842 | F17: {=MAX(_xlfn._xlws.FILTER('Diagnosis-0'!$A$2:$AH$1390,'Diagnosis-0'!$A$1:$AH$1='5 Number Summary'!A17))} -> 9.9997471 | H17: ADL | I17: {=MIN(_xlfn._xlws.FILTER('Diagnosis-1'!$A$2:$AH$761,'Diagnosis-1'!$A$1:$AH$1='5 Number Summary'!H17))} -> 0.0012879277 | J17: {=_xlfn.PERCENTILE.INC(_xlfn._xlws.FILTER('Diagnosis-1'!$A$2:$AH$761,'Diagnosis-1'!$A$1:$AH$1='5 Number Summary'!H17),0.25)} -> 1.4251796 | K17: {=_xlfn.PERCENTILE.INC(_xlfn._xlws.FILTER('Diagnosis-1'!$A$2:$AH$761,'Diagnosis-1'!$A$1:$AH$1='5 Number Summary'!H17),0.5)} -> 3.2357499 | L17: {=_xlfn.PERCENTILE.INC(_xlfn._xlws.FILTER('Diagnosis-1'!$A$2:$AH$761,'Diagnosis-1'!$A$1:$AH$1='5 Number Summary'!H17),0.75)} -> 5.0264791 | M17: {=MAX(_xlfn._xlws.FILTER('Diagnosis-1'!$A$2:$AH$761,'Diagnosis-1'!$A$1:$AH$1='5 Number Summary'!H17))} -> 9.9450364

Sheet Categorical Data Summary
B2: Diagnosis-0 | H2: Diagnosis-1
B3: Attributes | C3: Encoding | D3: Values | E3: Count | F3: % of Total | H3: Attributes | I3: Encoding | J3: Values | K3: Count | L3: % of Total
B4: Gender | C4: 0 | D4: Male | E4: =COUNTIF(INDEX('Diagnosis-0'!$A$2:$AH$1390,0,MATCH(B4,'Diagnosis-0'!$A$1:$AH$1,0)),'Categorical Data Summary'!C4) -> 675 | F4: =E4/COUNT('Diagnosis-0'!$A$2:$A$1390) -> 0.48596112 | H4: Gender | I4: 0 | J4: Male | K4: =COUNTIF(INDEX('Diagnosis-1'!$A$2:$AH$761,0,MATCH('Categorical Data Summary'!H4,'Diagnosis-1'!$A$1:$AH$1,0)),'Categorical Data Summary'!I4) -> 386 | L4: =K4/COUNT('Diagnosis-1'!$A$2:$A$761) -> 0.50789474
B5: Gender | C5: 1 | D5: Female | E5: =COUNTIF(INDEX('Diagnosis-0'!$A$2:$AH$1390,0,MATCH(B5,'Diagnosis-0'!$A$1:$AH$1,0)),'Categorical Data Summary'!C5) -> 714 | F5: =E5/COUNT('Diagnosis-0'!$A$2:$A$1390) -> 0.51403888 | H5: Gender | I5: 1 | J5: Female | K5: =COUNTIF(INDEX('Diagnosis-1'!$A$2:$AH$761,0,MATCH('Categorical Data Summary'!H5,'Diagnosis-1'!$A$1:$AH$1,0)),'Categorical Data Summary'!I5) -> 374 | L5: =K5/COUNT('Diagnosis-1'!$A$2:$A$761) -> 0.49210526
B6: Ethnicity | C6: 0 | D6: Caucasian | E6: =COUNTIF(INDEX('Diagnosis-0'!$A$2:$AH$1390,0,MATCH(B6,'Diagnosis-0'!$A$1:$AH$1,0)),'Categorical Data Summary'!C6) -> 815 | F6: =E6/COUNT('Diagnosis-0'!$A$2:$A$1390) -> 0.58675306 | H6: Ethnicity | I6: 0 | J6: Caucasian | K6: =COUNTIF(INDEX('Diagnosis-1'!$A$2:$AH$761,0,MATCH('Categorical Data Summary'!H6,'Diagnosis-1'!$A$1:$AH$1,0)),'Categorical Data Summary'!I6) -> 463 | L6: =K6/COUNT('Diagnosis-1'!$A$2:$A$761) -> 0.60921053
B7: Ethnicity | C7: 1 | D7: African American | E7: =COUNTIF(INDEX('Diagnosis-0'!$A$2:$AH$1390,0,MATCH(B7,'Diagnosis-0'!$A$1:$AH$1,0)),'Categorical Data Summary'!C7) -> 308 | F7: =E7/COUNT('Diagnosis-0'!$A$2:$A$1390) -> 0.22174226 | H7: Ethnicity | I7: 1 | J7: African American | K7: =COUNTIF(INDEX('Diagnosis-1'!$A$2:$AH$761,0,MATCH('Categorical Data Summary'!H7,'Diagnosis-1'!$A$1:$AH$1,0)),'Categorical Data Summary'!I7) -> 146 | L7: =K7/COUNT('Diagnosis-1'!$A$2:$A$761) -> 0.19210526
B8: Ethnicity | C8: 2 | D8: Asian | E8: =COUNTIF(INDEX('Diagnosis-0'!$A$2:$AH$1390,0,MATCH(B8,'Diagnosis-0'!$A$1:$AH$1,0)),'Categorical Data Summary'!C8) -> 122 | F8: =E8/COUNT('Diagnosis-0'!$A$2:$A$1390) -> 0.087832973 | H8: Ethnicity | I8: 2 | J8: Asian | K8: =COUNTIF(INDEX('Diagnosis-1'!$A$2:$AH$761,0,MATCH('Categorical Data Summary'!H8,'Diagnosis-1'!$A$1:$AH$1,0)),'Categorical Data Summary'!I8) -> 84 | L8: =K8/COUNT('Diagnosis-1'!$A$2:$A$761) -> 0.11052632
B9: Ethnicity | C9: 3 | D9: Other | E9: =COUNTIF(INDEX('Diagnosis-0'!$A$2:$AH$1390,0,MATCH(B9,'Diagnosis-0'!$A$1:$AH$1,0)),'Categorical Data Summary'!C9) -> 144 | F9: =E9/COUNT('Diagnosis-0'!$A$2:$A$1390) -> 0.10367171 | H9: Ethnicity | I9: 3 | J9: Other | K9: =COUNTIF(INDEX('Diagnosis-1'!$A$2:$AH$761,0,MATCH('Categorical Data Summary'!H9,'Diagnosis-1'!$A$1:$AH$1,0)),'Categorical Data Summary'!I9) -> 67 | L9: =K9/COUNT('Diagnosis-1'!$A$2:$A$761) -> 0.088157895
B10: EducationLevel | C10: 0 | D10: None | E10: =COUNTIF(INDEX('Diagnosis-0'!$A$2:$AH$1390,0,MATCH(B10,'Diagnosis-0'!$A$1:$AH$1,0)),'Categorical Data Summary'!C10) -> 272 | F10: =E10/COUNT('Diagnosis-0'!$A$2:$A$1390) -> 0.19582433 | H10: EducationLevel | I10: 0 | J10: None | K10: =COUNTIF(INDEX('Diagnosis-1'!$A$2:$AH$761,0,MATCH('Categorical Data Summary'!H10,'Diagnosis-1'!$A$1:$AH$1,0)),'Categorical Data Summary'!I10) -> 174 | L10: =K10/COUNT('Diagnosis-1'!$A$2:$A$761) -> 0.22894737
B11: EducationLevel | C11: 1 | D11: High School | E11: =COUNTIF(INDEX('Diagnosis-0'!$A$2:$AH$1390,0,MATCH(B11,'Diagnosis-0'!$A$1:$AH$1,0)),'Categorical Data Summary'!C11) -> 552 | F11: =E11/COUNT('Diagnosis-0'!$A$2:$A$1390) -> 0.39740821 | H11: EducationLevel | I11: 1 | J11: High School | K11: =COUNTIF(INDEX('Diagnosis-1'!$A$2:$AH$761,0,MATCH('Categorical Data Summary'!H11,'Diagnosis-1'!$A$1:$AH$1,0)),'Categorical Data Summary'!I11) -> 302 | L11: =K11/COUNT('Diagnosis-1'!$A$2:$A$761) -> 0.39736842
B12: EducationLevel | C12: 2 | D12: Bachelor's | E12: =COUNTIF(INDEX('Diagnosis-0'!$A$2:$AH$1390,0,MATCH(B12,'Diagnosis-0'!$A$1:$AH$1,0)),'Categorical Data Summary'!C12) -> 419 | F12: =E12/COUNT('Diagnosis-0'!$A$2:$A$1390) -> 0.30165587 | H12: EducationLevel | I12: 2 | J12: Bachelor's | K12: =COUNTIF(INDEX('Diagnosis-1'!$A$2:$AH$761,0,MATCH('Categorical Data Summary'!H12,'Diagnosis-1'!$A$1:$AH$1,0)),'Categorical Data Summary'!I12) -> 217 | L12: =K12/COUNT('Diagnosis-1'!$A$2:$A$761) -> 0.28552632
B13: EducationLevel | C13: 3 | D13: Higher | E13: =COUNTIF(INDEX('Diagnosis-0'!$A$2:$AH$1390,0,MATCH(B13,'Diagnosis-0'!$A$1:$AH$1,0)),'Categorical Data Summary'!C13) -> 146 | F13: =E13/COUNT('Diagnosis-0'!$A$2:$A$1390) -> 0.10511159 | H13: EducationLevel | I13: 3 | J13: Higher | K13: =COUNTIF(INDEX('Diagnosis-1'!$A$2:$AH$761,0,MATCH('Categorical Data Summary'!H13,'Diagnosis-1'!$A$1:$AH$1,0)),'Categorical Data Summary'!I13) -> 67 | L13: =K13/COUNT('Diagnosis-1'!$A$2:$A$761) -> 0.088157895
B14: Smoking | C14: 0 | D14: No | E14: =COUNTIF(INDEX('Diagnosis-0'!$A$2:$AH$1390,0,MATCH(B14,'Diagnosis-0'!$A$1:$AH$1,0)),'Categorical Data Summary'!C14) -> 986 | F14: =E14/COUNT('Diagnosis-0'!$A$2:$A$1390) -> 0.70986321 | H14: Smoking | I14: 0 | J14: No | K14: =COUNTIF(INDEX('Diagnosis-1'!$A$2:$AH$761,0,MATCH('Categorical Data Summary'!H14,'Diagnosis-1'!$A$1:$AH$1,0)),'Categorical Data Summary'!I14) -> 543 | L14: =K14/COUNT('Diagnosis-1'!$A$2:$A$761) -> 0.71447368
B15: Smoking | C15: 1 | D15: Yes | E15: =COUNTIF(INDEX('Diagnosis-0'!$A$2:$AH$1390,0,MATCH(B15,'Diagnosis-0'!$A$1:$AH$1,0)),'Categorical Data Summary'!C15) -> 403 | F15: =E15/COUNT('Diagnosis-0'!$A$2:$A$1390) -> 0.29013679 | H15: Smoking | I15: 1 | J15: Yes | K15: =COUNTIF(INDEX('Diagnosis-1'!$A$2:$AH$761,0,MATCH('Categorical Data Summary'!H15,'Diagnosis-1'!$A$1:$AH$1,0)),'Categorical Data Summary'!I15) -> 217 | L15: =K15/COUNT('Diagnosis-1'!$A$2:$A$761) -> 0.28552632
... B41: Forgetfulness | C41: 1 | D41: Yes | E41: =COUNTIF(INDEX('Diagnosis-0'!$A$2:$AH$1390,0,MATCH(B41,'Diagnosis-0'!$A$1:$AH$1,0)),'Categorical Data Summary'!C41) -> 419 | F41: =E41/COUNT('Diagnosis-0'!$A$2:$A$1390) -> 0.30165587 | H41: Forgetfulness | I41: 1 | J41: Yes | K41: =COUNTIF(INDEX('Diagnosis-1'!$A$2:$AH$761,0,MATCH('Categorical Data Summary'!H41,'Diagnosis-1'!$A$1:$AH$1,0)),'Categorical Data Summary'!I41) -> 229 | L41: =K41/COUNT('Diagnosis-1'!$A$2:$A$761) -> 0.30131579
